"Market Participant ID","Market Participant Name","Pool Member ID"
"AAUL","Alcan Aluminium Limited",""
"ACCU","M GROUP ENERGY (DATA INSIGHT)",""
"ACEL","Accord Energy Ltd",""
"ACEM","A Coole Electrical Ltd.",""
"ACTA","ACTARIS UK LIMITED",""
"ADAP","Celtpower Ltd","ADAP"
"AENL","Advanced Electricity Networks","AENL"
"AEPD","AES NewEnergy Ltd","AEPD"
"AERO","Aero EV Solutions Limited",""
"AESB","AES Barry Ltd","AESB"
"AESM","AES Smart Metering Ltd",""
"AFPL","AES Fifoots Point Ltd","AFPL"
"AGRN","AGR Networks Ltd",""
"AGSS","amerada.co.uk Ltd","AGSS"
"AHEL","Severn Trent Energy Ltd","AHEL"
"AHGL","Amerada Hess Gas Ltd","AHGL"
"AIDI","Aidien Limited",""
"AIRA","Aira Home UK Ltd",""
"ALAB","SQUARE1 ENERGY LIMTED","ALAB"
"ALAS","ALASKA ENERGY LTD","ALAS"
"ALBU","ALBUQUERQUE ENERGY LIMITED","ALBU"
"ALTI","Co-operative Energy Limited","ALTI"
"AMGD","Amerada Hess Gas (Dom)","AMGD"
"AMMR","Orsis UK (Ltd)",""
"AMPE","Ampere Energy Supply Limited","AMPE"
"AMSL","GB METERING SERVICES LIMITED","AMSL"
"AMSN","Asset Metering System Network",""
"ANGE","Limejump Energy Limited","ANGE"
"ANRG","Abingdon Energy Limited","ANRG"
"APGL","Anglian Power Generators Ltd","APGL"
"AQES","Aquila Energy Supplies Ltd","AQES"
"ARIZ","British Gas Trading Ltd","ARIZ"
"ARRU","British Gas Trading Limited","ARRU"
"ASES","Ascent Energy Services Ltd",""
"ASLH","ASL Holdings Limited","ASLH"
"AURO","Aurora Utilities Limited",""
"AVRO","Octopus Energy Limited","AVRO"
"AXIS","Axis Telecom Ltd","AXIS"
"AXLE","Axle Energy Ltd",""
"AXPO","Axpo UK Limited","AXPO"
"AZAC","Bristol Energy Limited","AZAC"
"BARB","Barbican Power Limited","BARB"
"BARK","Barking Power","BARK"
"BAYS","Bayswater Energy Limited","BAYS"
"BCFC","Octopus Energy Limited","BCFC"
"BELS","Belsize Energy Limited","BELS"
"BERM","British Energy Retail Market","BERM"
"BESL","AI Asset Provider Limited",""
"BETH","Mongoose Energy Supply Limited","BETH"
"BGAS","British Gas Trading Ltd","BGAS"
"BGPL","British Gas plc",""
"BIZZ","British Gas Trading Ltd","BGAS"
"BLBL","Bluebell Energy Supply Ltd","BLBL"
"BMET","Energy Assets Group Limited",""
"BMHH","BGlobal Metering Limited",""
"BMSL","BURY METERING SERVICES LTD","BMSL"
"BNFL","British Nuclear Fuels plc","BNFL"
"BNRG","Electricity Plus Supply Ltd","BNRG"
"BORE","British Gas Trading Limited","BORE"
"BORL","Eggborough Power Ltd","BORL"
"BORO","Borough Energy Limited","BORO"
"BOWF","Bowfell Energy Limited","BOWF"
"BPGL","Evolve Energy Supply Limited","BPGL"
"BPGM","BP Gas Marketing Limited","BPGM"
"BREZ","British Gas Trading Ltd","BREZ"
"BRKG","Brook Green Trading Limited","BRKG"
"BRZE","ARTO.ENERGY LIMITED","BRZE"
"BSMS","Bluesky Metering Services LTD",""
"BTEL","BT",""
"BTUK","BT Group PLC","BTUK"
"BULN","Bryt Energy Limited","BULN"
"CABH","Cabah Energy Limited",""
"CALA","CALIFORNIA ENERGY LIMITED","CALA"
"CALB","Coopers & Lybrand",""
"CALI","Callesti Energy Supply Ltd","CALI"
"CALL","Scottish Power Energy Retail","CALL"
"CAML","Inexus (Services) Limited",""
"CAND","Candecca Resources Limited",""
"CAPG","Logica UK Limited",""
"CAST","Castula Energy Supply Limited","CAST"
"CBRA","Smart Pay Energy","CBRA"
"CCSB","Callisto Data Limited",""
"CDSL","Controls Devices & Systems Ltd",""
"CECO","Coryton Energy Company Ltd","CECO"
"CENP","Midlands Power (UK) Ltd","CENP"
"CESL","Commercial Electricity","CESL"
"CEVL","Charged Electric Vehicles Ltd",""
"CFWR","British Gas Trading Limited","CFWR"
"CGEN","Citigen (London) Ltd","CGEN"
"CGLS","Constellation Gen Ltd Supply","CGLS"
"CGTL","Cinergy Global Trading","CGTL"
"CGUK","Cinergy Global Power (UK) Ltd","CGUK"
"CHFM","Central Homes & Fac. Mngt Ltd",""
"CIDA","RECCo TEST ID A",""
"CIDB","RECCo TEST ID B",""
"CIDC","RECCo TEST ID C",""
"CILI","British Gas Trading Ltd","CILI"
"CIRC","Flow Energy Ltd","CIRC"
"CLTC","Celltech Communications Ltd",""
"CMAS","British Gas Trading Ltd","CMAS"
"CMRO","BGI Trading Limited","CMRO"
"CMSL","Smart Choice Metering","CMSL"
"CNDL","Neas Energy Ltd.","CNDL"
"CNRD","Conrad Energy Limited","CNRD"
"CNRG","Opus Energy (Corporate) Ltd.","CNRG"
"COLG","D-Energi Trading Ltd.","COLG"
"COLO","Octopus Energy Operations2 Ltd","COLO"
"COML","Complete Metering Limited",""
"COMT","E.ON Next Energy Ltd","COMT"
"CONI","Coniston Energy Limited","CONI"
"COOP","I Supply Energy Limited","COOP"
"CORB","Corby Power","CORB"
"CORE","Corona Energy Retail 4 Limited","CORE"
"COTX","Cortex Metering Solutions Ltd",""
"COUL","Coulomb Energy Supply Limited","COUL"
"COVE","EDF Energy Customers Limited","COVE"
"CPPR","Octopus Energy Trading","CPPR"
"CRAM","CRAIL Meters Limited",""
"CROS","Crosfield Ltd","CROS"
"CROW","Reuben Power Supply Limited","CROW"
"CRWN","Crown Gas and Power 2 Ltd","CRWN"
"CRYE","Crystal Electronics Limited",""
"CSMA","CENTRICA SMA LTD",""
"CUST","Dummy ID for Customers",""
"CYCL","Evolve Energy Supply Limited","CYCL"
"DAMC","Damhead Creek Ltd","DAMC"
"DARE","Dare Power Ltd","DARE"
"DASL","Siemens MCS","DASL"
"DCCO","Data & Communications Company",""
"DDCL","Dataflex Design Communication","DDCL"
"DEES","Deeside Power Developmt Co Ltd","DEES"
"DEML","Dynamic Electric Metering Ltd",""
"DERW","Derwent Co. Generation Ltd","DERW"
"DESL","Scottish Power Energy Retail","DESL"
"DFDL","Tru Energy Limited","DFDL"
"DHTL","Domestic Heating Team Ltd",""
"DIRA","British Gas Trading Limited","DIRA"
"DMOM","DrakMarn O&M Ltd",""
"DMSL","DROYLSDEN METERING SERVICES","DMSL"
"DNEB","ZEUSA ENERGY LIMITED","DNEB"
"DNRG","Donnington Energy Limited","DNRG"
"DRAC","Dracus Energy Supply Limited","DRAC"
"DRAK","TXU Europe Drakelow Ltd","DRAK"
"DRAX","Drax Power Ltd","DRAX"
"DRGI","UK Healthcare Corporation Ltd","DRGI"
"DRNC","Conrad Energy (Trading) Ltd","DRNC"
"DUAL","SmartestEnergy Business Ltd","DUAL"
"DUDG","Dudgeon Offshore Wind Ltd",""
"DUNL","Solace Utilities Ltd","DUNL"
"EAHH","Energy Assets Group Limited",""
"EAMM","Energy Assets Metering MAP",""
"EASL","Electricity Assn Services Ltd",""
"EBES","Ruby Electricity Ltd","EBEA"
"ECOA","British Gas Trading Ltd","BGAS"
"ECOB","EnergyCo2 Ltd","ECOB"
"ECOE","ECOES SERVICE PROVIDER",""
"ECON","E.ON Energy Solutions Limited","ECON"
"ECOT","ECOTRICITY LIMITED","ECOT"
"ECSM","ECS Metering Services",""
"EDCO","Energy Data Company Ltd","EDCO"
"EDDI","British Gas Trading Limited","EDDI"
"EDEF","EDF Production Transport","EDEF"
"EDFE","EDF Energy Customers Limited","EDFE"
"EDFI","UK Power Networks (IDNO)",""
"EDGE","Edgware Energy Limited","EDGE"
"EDIR","Electricity Direct Ltd","EDIR"
"EECL","Enfield Energy Centre Limited",""
"EELC","Eastern Electricity","EELC"
"EENG","E.ON Energy Ltd","EENG"
"EESL","Economy Energy Supply Limited","EESL"
"EETL","OVO Electricity Limited","EETL"
"EFLS","Octopus Energy Limited","EFLS"
"EFPL","Edison First Power Ltd","EFPL"
"EGDX","E (Gas and Electricity) Ltd","EGDX"
"EGML","E E Solutions Limited","EGML"
"EGRE","Egret Services Limited",""
"EHES","Evolve Home Energy Solutions",""
"EISD","Elexon Limited",""
"ELEC","ELECTRAPHASE LIMITED","ELEC"
"ELED","ELEDOR LIMITED","ELED"
"ELME","Elm Energy & Recycling UK Ltd","ELME"
"ELSS","Elexon Limited",""
"EMAP","COMPLETE METERING LIMITED",""
"EMDS","Elexon Limited",""
"EMEB","East Midlands Electricity plc","EMEB"
"EMGE","TXU Europe Merchant Generation","EMGE"
"EMSL","Magnum Utilities Limited","EMSL"
"EMZO","Flick Energy Ltd","EMZO"
"ENCS","Energy Communications Ltd",""
"ENDC","EPG Energy Ltd","ENDC"
"ENEC","Eneco Energy Trade BV","ENEC"
"ENEG","Energise Energy Solutions",""
"ENER","Scottish Power Energy Retail","ENER"
"ENGQ","Utilita Energy Limited","ENGQ"
"ENGY","Energy Assets Ltd",""
"ENOC","Enel X UK Limited",""
"ENOS","Enosi Australia Pty Ltd",""
"ENPA","ENPAAS LTD",""
"ENRD","British Gas Trading","BGAS"
"ENRG","Opus Energy Renewables Limited","ENRG"
"ENRO","Enron Capital & Trade Resource","ENRO"
"EOND","E.ON Next Energy Ltd","EOND"
"EONN","E.ON UK Network Assets Limited","EONN"
"EPFA","Electricity Pool Funds Admin",""
"EPHH","E.ON Energy Solutions Limited","EPHH"
"EQUI","Equinicity Ltd","EQUI"
"ESCL","Energy Supply Contracts Ltd",""
"ESIS","Energy Settlements & Info Serv",""
"ESLM","Engage Services (ESL) Ltd",""
"ESML","E.ON UK Energy Services Ltd",""
"ESPO","Essential Power Ltd","ESPO"
"ESQL","E-Squared Limited",""
"ESSL","SQE Energy Limited","ESSL"
"ESSP","EMR SSP",""
"ETCL","The Electricity Network Co Ltd",""
"ETOL","Enron Teeside Operations Ltd","ETOL"
"EURO","Robin Hood Energy Limited","EURO"
"EUST","Octopus Energy Limited","EUST"
"EVAS","Elexon Limited",""
"EVER","Utilita Energy Limited","EVER"
"EXGL","Constellation Generation Ltd","EXGL"
"FARA","URE ENERGY LIMITED","FARA"
"FARR","Farringdon Energy Limited","FARR"
"FEAL","Fulcrum Electricity Assets Ltd","FEAL"
"FEML","Future Energy Metering Ltd",""
"FFUS","Field Force Utility Services",""
"FGEN","Fibrogen Ltd","FGEN"
"FHPL","Fellside Heat and Power Ltd","FHPL"
"FIBR","Fibropower Ltd","FIBR"
"FIWL","Fibrowatt Limited",""
"FLEX","Flexitricity Limited","FLEX"
"FLOR","FLORIDA ENERGY LIMITED","FLOR"
"FMSL","Stratford Place Utilities Ltd","FMSL"
"FNRG","Farmoor Energy Limited","FNRG"
"FORB","Optimal Power Networks Limited",""
"FORT","Fortum Direct Ltd","SFOR"
"FOUR","IPM Energy Retail Ltd","FOUR"
"FRST","Octopus Energy Operations2 Ltd","FRST"
"FSEN","F & S Energy Ltd.","FSEN"
"FSML","Fulcrum Smart Metering Ltd",""
"FUAP","First Utility Ltd",""
"FUEL","Fusion Elec Ltd",""
"FUMA","Fulmar Services Ltd",""
"FUML","Functional Metering Limited",""
"FUSE","Fuse Energy Supply Limited","FUSE"
"FUSI","Fuse Meter Operations Limited",""
"FUSM","Fuse Meter Limited",""
"FXGL","Foxglove Energy Supply Limited","FXGL"
"GALE","Planet 9 Energy Limited","GALE"
"GAMA","DUAL METER SYSTEMS LIMITED",""
"GANY","EDF Energy Customers Limited","GANY"
"GBLO","GridBeyond Limited",""
"GCHP","Grangemouth CHP Limited",""
"GDAB","Absolute Insulation Ltd",""
"GDAC","Acrobat Carbon Services Ltd",""
"GDAD","Green Deal Advice 247 Ltd",""
"GDAE","Advent Energy Management",""
"GDAF","Astute Motoring Ltd",""
"GDAG","Agility Eco Services Ltd",""
"GDAH","Active Energy Funding",""
"GDAI","Anglian Home Improvements",""
"GDAK","Allkaregreendeal Limited",""
"GDAL","Anesco Ltd",""
"GDAM","Ampere Green Deal Ltd",""
"GDAN","AG Energy Solutions Ltd",""
"GDAO","AOS EEHS Ltd",""
"GDAP","Apple Panels Ltd",""
"GDAR","Ace Plumbing Ltd",""
"GDAS","Aran Services Ltd",""
"GDAT","Atlantic Contracting Limited",""
"GDAU","Aura Energy Limited",""
"GDAX","Apex Green Ltd",""
"GDAZ","AAA Green Solutions Ltd",""
"GDBA","Bartons of Duke Street",""
"GDBD","Bartons of Duke Street Limited",""
"GDBE","BritishEco Limited",""
"GDBF","British Gas Finance Limited",""
"GDBG","British Gas",""
"GDBH","Borthwick Heating Insulation",""
"GDBK","Brook Energy Services Ltd",""
"GDBM","BMRE Limited",""
"GDBO","Broad Oak Properties Ltd",""
"GDBR","GB Energy (Renewables) Ltd",""
"GDBS","Myblueskies Limited",""
"GDCA","CarbonLow Real Estate Limited",""
"GDCB","Eco Carbon Print Limited",""
"GDCC","GD Central Charge Database",""
"GDCD","Countrywide Green Deal Ltd",""
"GDCE","Carillion Energy Services",""
"GDCF","CRG Finance",""
"GDCG","CG Energy Ltd",""
"GDCH","Consumer Financial Ltd",""
"GDCI","Cornerstone Ltd",""
"GDCJ","Green Deal Consortia Ltd",""
"GDCK","Clarus Energy Ltd",""
"GDCL","CarbonLow",""
"GDCM","Climate Energy Ltd",""
"GDCN","CertiNergy Ltd",""
"GDCO","The Energy Saving Co-operative",""
"GDCP","Capital Energy",""
"GDCQ","Cardiff Energy Supply Ltd",""
"GDCR","Solarcrown UK Limited",""
"GDCS","City Energy South Wales Ltd",""
"GDCT","Commercial Tech Services Ltd",""
"GDCU","Corporate Support Solutions",""
"GDCV","Carbon Savings Limited",""
"GDCX","Cenergist Limited",""
"GDCY","City Energy Ltd",""
"GDDC","Deveron Construction Ltd",""
"GDDD","A Deal Greener Ltd",""
"GDDE","Green Deal and Eco Funding Ltd",""
"GDDG","Domestic Green Energy Ltd",""
"GDDH","Domestic & General Heating Ltd",""
"GDDI","Direct Savings (Scotland)",""
"GDDL","Green Deal Direct Ltd",""
"GDDM","Dodd Group (Midlands) Ltd",""
"GDDO","Domestic & General",""
"GDDT","Green Deal Together",""
"GDEA","Green Energy Advisors Ltd",""
"GDEB","Essex Insulation Ltd",""
"GDEC","The Big Green Energy Company",""
"GDED","Eco Deal Ltd",""
"GDEE","Enact Energy Renewables Ltd",""
"GDEF","Effective Energy Solutions Ltd",""
"GDEG","Egnida Limited",""
"GDEH","ECO Home Alternatives Ltd",""
"GDEI","Elite Supplies Ltd",""
"GDEJ","EcoJoules Ltd",""
"GDEK","Efficient Finance (UK) Ltd",""
"GDEL","Energy With Limited",""
"GDEM","Empower Community",""
"GDEN","Enhance Energy Ltd",""
"GDEO","Gdeco Ltd",""
"GDEP","Go-Green Energy (Group) Ltd",""
"GDEQ","Synergy Energy Solutions Ltd",""
"GDER","Encraft",""
"GDES","Green Deal Energy Services UK",""
"GDET","Energy Trust",""
"GDEU","Solar Europa Ltd",""
"GDEV","EvoEnergy Ltd",""
"GDEW","Efficient Warm Energy Limited",""
"GDEX","Green Deal Express",""
"GDEZ","Everwarm Ltd",""
"GDFA","Green Energy Advisors Limited",""
"GDFC","The Green Deal Finance Company",""
"GDFG","1st Green Deal",""
"GDFI","FITGAS Ltd",""
"GDFL","Green Deal First Ltd",""
"GDFO","Les Forshaw (Northern) Ltd",""
"GDFP","Foster Property Maintenance",""
"GDFR","Freedom Renewables Limited",""
"GDFS","GDFC Services Limited",""
"GDFU","Fusion Radiators Ltd",""
"GDFW","Foster Renewable Energies Ltd",""
"GDFY","Friendly Investment Company",""
"GDGA","Green Assess",""
"GDGB","Greenbuy Energy Limited",""
"GDGC","Green Deal Factory",""
"GDGD","GDFC Assets Limited",""
"GDGE","G8 Eco Systems Ltd",""
"GDGF","Green Funding Ltd",""
"GDGG","Grafton Group",""
"GDGH","GHE Solar Ltd",""
"GDGJ","Windows Plus",""
"GDGK","Green Eco Grants Ltd",""
"GDGL","Greendeal-Lynx",""
"GDGM","Central Gas Maintenance Ltd",""
"GDGN","Greenexo Limited",""
"GDGO","Greenoke Energy Ltd",""
"GDGP","SERS Energy Solutions Ltd",""
"GDGR","Gr33n Energy",""
"GDGS","Green Deal Savings Ltd",""
"GDGT","Gentoo Group Ltd",""
"GDGU","Green Energy Solutions UK Ltd",""
"GDGV","Greenvision Energy Ltd",""
"GDGW","Glasgow Green Global Limited",""
"GDGY","Dyson Energy Services Ltd",""
"GDGZ","GZ Energy Solutions",""
"GDHA","Happy Energy",""
"GDHC","Gas Care Heating Services Ltd",""
"GDHE","HELMS Ltd",""
"GDHF","Herbert T Forrest Ltd",""
"GDHG","Green Hut Energy Ltd",""
"GDHI","High Oak Green Investments Ltd",""
"GDHL","Help-Link UK Limited",""
"GDHM","Green Leaf Homes Ltd",""
"GDHO","Housing Action Management Ltd",""
"GDHP","MW Heating & Plumbing Ltd",""
"GDHS","Halltech Electrical Services",""
"GDHU","Home Energy UK",""
"GDHW","Heatwave Energy Funding Ltd",""
"GDIA","Green Deal Initiative Ltd",""
"GDIE","Infinity Energy Org",""
"GDIF","Incentive FM",""
"GDIG","Insta Group",""
"GDII","Ipex Investments",""
"GDIL","A&M Energy Solutions Ltd",""
"GDIM","BTU Installation & Maintenance",""
"GDIN","Infinite Energy UK Ltd",""
"GDIS","Inteb Sustainability Limited",""
"GDIT","Isothane Ltd",""
"GDKF","Kingfisher Future Homes",""
"GDKL","Kernow Loans Ltd",""
"GDKM","Keepmoat Ltd",""
"GDKN","KNW Partnership Limited",""
"GDKS","UKSS Renewable Energy Services",""
"GDLC","Low Carbon Finance Ltd",""
"GDLE","Local Energy",""
"GDLH","STL Heating and Energy Ltd",""
"GDLL","Larkfleet Ltd",""
"GDLO","Liberty Energy Org. Ltd",""
"GDLS","Sustain Ltd",""
"GDLU","Ludu Energy Ltd",""
"GDLX","Lux Carbon Services Ltd",""
"GDMB","Marshall Brown Energy Ltd",""
"GDME","Merseyside Central Heating Ltd",""
"GDMG","Mark Group Limited",""
"GDMO","Move2Green Limited",""
"GDMS","Solarwise-rl",""
"GDMT","MEB Total Ltd",""
"GDND","New Eco Developments Limited",""
"GDNE","Nationwide Energy Consultants",""
"GDNG","Network Green Deal Ltd",""
"GDNH","British Gas Trading Limited",""
"GDNL","1 North Ltd",""
"GDNN","Npower Northern Limited",""
"GDNO","1 North Ltd",""
"GDNP","NEIL_PITTAM_ELECTRICAL_LTD",""
"GDNR","Northern Gas Heating Ltd",""
"GDNW","Nationwide Solar Ltd",""
"GDOB","1 Business Enterprise Ltd",""
"GDOE","Osborne Energy Ltd",""
"GDOG","OUR GENERATION LIMITED",""
"GDOM","OM2 Solutions Ltd",""
"GDON","One Green Place Ltd",""
"GDOP","Opus Green Limited",""
"GDOS","One Stop Energy Ltd",""
"GDPC","PECT Consultancy Limited",""
"GDPE","Physis Energy Ltd",""
"GDPF","Green Deal Provider Funding Ld",""
"GDPL","Complete Plumbing Clean Energy",""
"GDPM","Plumb-Line Contracting Ltd",""
"GDPN","Green Deal Provider Network",""
"GDPO","Polyramek Energy Ltd",""
"GDPP","The Green Provider Limited",""
"GDPR","Premier Energy Solutions Ltd",""
"GDPS","Green Deal Property Services",""
"GDPV","GDProvider Ltd",""
"GDQU","Quodox Energy Ltd",""
"GDRE","ReEnergise Finance Ltd.",""
"GDRG","Rural Green Deal Ltd",""
"GDRI","Renewable Infrastructure Ltd",""
"GDRL","R.I.S. Insulation Ltd",""
"GDRN","Renew Property",""
"GDRP","The Ridgeway Partnership",""
"GDRS","RateSetter",""
"GDRX","Rexel UK Limited",""
"GDSA","Sutton Solar & Renewables Ltd",""
"GDSB","SEHBAC Ltd",""
"GDSC","Scenergy Ltd",""
"GDSD","Energy Save Direct Ltd",""
"GDSE","G2V Solar Energy Solutions Ltd",""
"GDSF","Safeguard Group",""
"GDSH","The Green Deal Shop.com Ltd",""
"GDSI","SIG GDP Company Ltd",""
"GDSJ","Star Building Contractors Ltd",""
"GDSK","Solar City Limited",""
"GDSL","Servicetotal Ltd",""
"GDSN","British Gas New Heating",""
"GDSO","Solas Scotland Ltd",""
"GDSP","SSE Green Deal Provider Ltd",""
"GDSQ","Green Deal Providers Scotland",""
"GDSR","Solus Renewable Energy Ltd",""
"GDSS","Silverstone Green Energy Ltd",""
"GDST","Stroma Group",""
"GDSU","Centre for Sustainable Energy",""
"GDSV","Severn Wye Energy Agency",""
"GDSW","Solarwise Renewables Ltd",""
"GDSX","Sunsource Energy Limited",""
"GDSY","Gas Elec Safety Systems Ltd",""
"GDSZ","British Gas New Heating",""
"GDTA","Tameside Energy Services",""
"GDTB","Telling Blaisdons Ltd",""
"GDTC","City Satellite Limited",""
"GDTE","Tempo Insulation Services Ltd",""
"GDTG","TIC Green Energy Limited",""
"GDTM","Team 42 Ltd",""
"GDTO","Toriga Energy",""
"GDTP","Tees Property Solutions Ltd",""
"GDTR","Toriga Energy Ltd",""
"GDTS","Strathern Solutions Limited",""
"GDTY","Green 360 Ltd",""
"GDUC","UCS Renewables",""
"GDUK","UK Energy Partners Ltd",""
"GDUN","Green Deal Union Ltd",""
"GDUP","Green Deal Upgrade Limited",""
"GDUS","Utd Sustainable Energy Agency",""
"GDVC","Save Co2 Limited","GDVC"
"GDVG","Green Vision Energy Limited",""
"GDVH","50five-(UK) Ltd",""
"GDVL","Verden Ltd",""
"GDVO","Volta Green Deal",""
"GDVS","Sustain Energy (UK) Ltd",""
"GDVV","SFS Home Assist Ltd",""
"GDWB","Wetherby Building Systems Ltd",""
"GDWD","Willmott Dixon Energy Services",""
"GDWE","Warmer Energy Services Ltd",""
"GDWF","Warmfill Limited",""
"GDWG","The Warmer Group Ltd",""
"GDWH","Warmer Home Finance Ltd",""
"GDWI","Willerby Energy Organisation",""
"GDWR","WhiteGold Renewables Ltd",""
"GDWS","Westdale Services Limited",""
"GDWU","Wolseley UK",""
"GDWW","Work Work Ltd",""
"GDXP","Xenon Professionals Ltd",""
"GDXR","2 RED Ltd",""
"GDXS","Southern Energy Solutions Ltd",""
"GDYE","Yorkshire Energy Group",""
"GDYG","Your Green Deal Provider Ltd",""
"GDZS","Sakhara Ltd",""
"GEEX","Good Energy Limited","GEEX"
"GEOR","GEORGIA ENERGY LIMITED","GEOR"
"GESL","SO Energy Trading Limited","GESL"
"GETW","Utilita Energy Limited","GETW"
"GEUK","Green Energy (UK) PLC","GEUK"
"GGEN","ECLIPSE POWER NETWORKS LTD","GGEN"
"GLAC","The Gas Light & Coke Company","GLAC"
"GLDE","Golders Energy Limited","GLDE"
"GMTR","SEFE Energy Limited","GMTR"
"GMTX","SEFE Energy Limited","GMTX"
"GNRG","Green Energy (UK) Plc","GNRG"
"GOEF","Kensington Power Limited","GOEF"
"GONG","Octopus Energy Operations2 Ltd","GONG"
"GOOD","Good Energy Limited","GOOD"
"GOOS","Goosander Services Limited",""
"GRAN","Granular Energy",""
"GREN","Greenwich Energy Trading Ltd","GREN"
"GUCL","Last Mile Electricity Ltd","GUCL"
"GYPL","Great Yarmouth Power Limited","GYPL"
"HABI","Habitat Energy Limited","HABI"
"HARL","HARLAXTON ENERGY NETWORKS LTD",""
"HAVE","Drax Energy Solutions Limited","HAVE"
"HAWA","HAWAII ENERGY LIMITED","HAWA"
"HAWK","MAXEN POWER SUPPLY LIMITED","HAWK"
"HEEL","Hydro Electric Energy Ltd",""
"HELE","SSE Energy Limited","HELE"
"HETL","Home Energy Trading Ltd","HETL"
"HLPR","Haste Ltd","HLPR"
"HMAR","TXU Europe High Marnham Ltd","HMAR"
"HOLB","Holborn Energy Limited","HOLB"
"HOME","ENGIE Power Limited","HOME"
"HPES","HP Enterprise Services UK LTD",""
"HPOW","Drax Energy Solutions Limited","HPOW"
"HUDG","Hudson Energy Supply UK Ltd","HUDG"
"HUDS","Shell Energy UK Limited","HUDS"
"HUMB","Humber Power Ltd","HUMB"
"HYDE","OVO Electricity LTD","OVOE"
"IAMP","Yu Energy Retail Limited","IAMP"
"ICME","Icd Energy Metering Services",""
"ICPL","ICI Chemicals and Polymers","ICPL"
"ICTL","Tym Huckin Ltd",""
"IDAH","Engelhart CTP Energy UK Ltd","IDAH"
"IDCS","IDCS Ltd",""
"IHTL","OVO Energy LTD","IHTL"
"IMPH","Atlantic Energy UK PLC","IMPO"
"IMPO","SSE Energy Supply Limited","IMPO"
"IMPX","Inovyn Chlor Energy Ltd","IMPX"
"INDE","Npower Limited","INDE"
"INDI","Indigo Power Limited","INDI"
"INDQ","Indian Queens Power Ltd","INDQ"
"INDX","Independent Energy HH","INDX"
"INRE","INNOGY RENEWABLES UK LIMITED",""
"INVE","Yu Energy Retail Limited","INVE"
"IPNL","Independent Power Networks Ltd",""
"IRES","Octopus Energy Limited","IRES"
"IRID","British Gas Trading Ltd","IRID"
"IRON","TXU Europe Ironbridge Ltd","IRON"
"ITRI","Itron Metering Solutions UK",""
"JERE","Shell Energy UK Limited","JERE"
"JETS","Tempus Energy Supply Limited","JETS"
"KATE","Npower Commercial Gas Ltd","KATE"
"KEAD","Keadby Generation","KEAD"
"KENS","Yu Energy Retail Limited","KENS"
"KENT","KENTUCKY ENERGY LTD","KENT"
"KEPL","Keadby Power Ltd",""
"KMAL","Kensington Meter Asset Ltd",""
"KMSL","KEIGHLEY METERING SERVICES LTD",""
"KNPL","Kingsnorth Power Ltd",""
"LAKE","Lakeland Power Ltd","LAKE"
"LBSL","Calisen Metering Services Ltd",""
"LCMG","LogicaCMG (UK) Ltd.",""
"LECL","London Energy Company Limited","LECL"
"LENC","Lenco","LENC"
"LENG","ESP Electricity Limited",""
"LIGH","MVV Environment Services Ltd","LIGH"
"LILY","DGP ENERGY LTD","LILY"
"LIME","Limejump Energy Limited","LIME"
"LINK","Kraken Technologies Limited",""
"LMSL","LEYLAND METERING SERVICES LTD",""
"LOND","EDF Energy Customers Limited","LOND"
"LORM","E (GAS AND ELECTRICITY) LTD","LORM"
"LUME","Octopus Energy Operations Ltd","LUME"
"LUMO","OVO Electricity Limited","LUMO"
"LVDR","ESB ENERGY LTD","LVDR"
"MAEL","SmartestEnergy Business Ltd","MAEL"
"MAET","SmartestEnergy Business Ltd","MAET"
"MAGN","Orsted Power Sales (UK) Ltd","MAGN"
"MAGX","Magnox Electric Plc",""
"MAID","Love Smart Limited","MAID"
"MAIN","e2m - energy trading ltd","MAIN"
"MANP","Manx Electricity Authority","MANP"
"MANW","MANWEB plc","MANW"
"MARB","Marble Power Limited","MARB"
"MARI","British Gas Trading Limited","MARI"
"MARY","MARYLAND ENERGY LTD","MARY"
"MASS","MASSACHUSETTS ENERGY LIMITED","MASS"
"MATT","MATTINA LIMITED","MATT"
"MAVE","Maverick Energy","MAVE"
"MCOR","METER CORP LTD",""
"MCOT","Meter Corp 4 Ltd","MCOT"
"MCVI","McVickers Limited",""
"MDSL","M GROUP ENERGY (DATA INSIGHT)",""
"MECB","Magic Thermodynamic Box",""
"MEDP","Medway Power Ltd","MEDP"
"MEMD","Metering Services (MIDE Area)",""
"MEMW","Metering Services (MANW Area)",""
"MENW","Metering Services (NORW Area)",""
"MESL","Metering Services Ltd.",""
"MESS","Metering Services (SPOW Area)",""
"MFAL","Meter Fit Assets Limited",""
"MFDE","Meter Fit 20 Limited",""
"MFGE","Meter Fit Assets Limited",""
"MFMP","Meter Fit Assets Limited",""
"MFSE","Meter Fit 10 Limited",""
"MFUL","Meter Fit Assets Limited",""
"MFVE","Meter Fit 11",""
"MFXC","Meter Fit Assets Limited",""
"MGAS","Midlands Gas Ltd","MGAS"
"MHHS","Elexon Limited",""
"MICH","MICHIGAN ENERGY LIMITED","MICH"
"MICL","MERIDIAN INFRASTRUCTURE",""
"MIDE","Midlands Electricity plc","MIDE"
"MINN","MINNESOTA ENERGY LIMITED","MINN"
"MINT","Toucan Energy Limited","MINT"
"MISS","Voltx Power Ltd","MISS"
"MLBB","Macquarie Leasing Limited",""
"MLLA","Macquarie Leasing Limited",""
"MMAL","Magnum Meter Finance Ltd",""
"MMSL","Fulcrum Metering Services Ltd",""
"MOMT","Momentum Utility Services Ltd",""
"MONT","British Gas Trading Ltd","MONT"
"MOPL","Meter Operators Ltd",""
"MORR","M GROUP ENERGY (METERING) Ltd","MORR"
"MPDL","mua Electricity Limited",""
"MRCY","Octopus Energy Limited","MRCY"
"MRSL","Meter Reading Services Ltd",""
"MSCG","Morgan Stanley Capital Grp Inc","MSCG"
"MSSL","Syndicate City Limited",""
"MTER","MI Glasgow Limited",""
"MTRL","Brook Green Trading Limited","MTRL"
"NATP","Npower Commercial Gas Ltd","NATP"
"NCKL","OVO Electricity Limited","OVOE"
"NEEB","Npower Limited","NEEB"
"NELC","British Energy Generation Ltd","NELC"
"NESL","Northern Energy Services Ltd",""
"NEVA","VERSA ENERGY LIMITED","NEVA"
"NEWP","Shell Energy UK Ltd.","NEWP"
"NGAS","NGC Ancillary Services","NGAS"
"NGCP","First Hydro Company","NGCP"
"NGCY","National Grid Company",""
"NGIB","NGC Interconnections Business","NGIB"
"NGTL","Killingholme Power Limited","NGTL"
"NHHA","NHH Asset MS Network",""
"NHUK","Norsk Hydro UK Ltd","NHUK"
"NMSL","NELSON METERING SERVICES LTD",""
"NONE","SMETS Meter No Longer Fitted",""
"NORW","Electricity North West Limited","NORW"
"NPML","Northern Powergrid Metering","NPML"
"NPOW","INNOGY Plc","NATP"
"NTWL","Nitrogen Two Ltd","NTWL"
"NUCE","Magnox Electric plc","NUCE"
"NXTS","Renantis Energy Trading UK","NXTS"
"OBEL","Home Energy Trading Limited","OBEL"
"OBER","Addito Energy Limited","OBER"
"OEPD","OCTOPUS ENERGY SERVICES LTD",""
"OESL","OCTOPUS ENERGY SERVICES LTD",""
"OFTM","Foxglove Energy Supply","OFTM"
"OGAS","British Gas Trading Ltd","BGAS"
"OHIO","OHIO ENERGY LIMITED","OHIO"
"OMNI","Utilita Energy Limited","OMNI"
"OMSL","OAKMERE METERING SERVICES LTD",""
"ONGE","Orange Limited",""
"ONSA","OnStream",""
"ONSE","OnStream",""
"ONST","UMSL, trading as OnStream",""
"OPAL","Avid Energy limited","OPAL"
"OREB","British Gas Trading Ltd","OREB"
"OREG","British Gas Trading Limited","OREG"
"OSMI","BRISTOL ENERGY","OSMI"
"OTWO","O2",""
"OVAL","Oval Energy Limited","OVAL"
"OVOE","OVO Electricity LTD","OVOE"
"OXPO","Opus Energy Limited","OXPO"
"PADD","Fuse Energy Supply Limited","PADD"
"PALL","Palladium Energy Supply Ltd","PALL"
"PARK","One Wales Energy Ltd",""
"PAYG","Omni Assets Ltd",""
"PCHP","PowerGen Combined Heat & Power","PCHP"
"PDAL","Power Data Associates Ltd",""
"PENL","Leep Electricity Networks Ltd","PENL"
"PERL","Perle Energy Limited","PERL"
"PESL","Powertec Electrotechnical Svcs",""
"PETE","Peterborough Power Ltd","PETE"
"PETX","Pentex (East Midlands) Ltd",""
"PGEN","Eon Energy Solutions Ltd","PGEN"
"PILO","Scottish Power Energy Retail","PILO"
"PION","E.ON Next Energy Ltd","PION"
"PIRO","Piranello Energy Supply Ltd","PIRO"
"PLEX","PLEXUS TECHNOLOGY LIMITED",""
"PLUS","MeterPlus",""
"PMSL","PRESTON METERING SERVICES LTD",""
"POML","Powermet Ltd",""
"POOL","ELEXON Limited",""
"POWQ","Hartree Partners Supply UK","POWQ"
"PRIM","PRI Ltd",""
"PRIP","PRI Ltd",""
"PROE","Pro EV Group Ltd","PROE"
"PROZ","DYCE ENERGY LTD","PROZ"
"PSUK","Npower Ltd","PSUK"
"PTPT","British Gas Trading Ltd","PTPT"
"PURE","Good Energy Limited","PURE"
"PUTY","Scope Energy Solutions Limited","PUTY"
"QEEN","Octopus Energy Operations2 Ltd","QEEN"
"QHSL","Quality Heating Services Ltd",""
"QSSL","QUANTUM SMART SOLUTIONS",""
"RAYL","Victory Energy Supply Limited","RAYL"
"RBOS","Royal Bank of Scotland","RBOS"
"REBE","British Gas Trading Ltd","BGAS"
"REGE","Octopus Energy Operations Ltd","REGE"
"REGP","Regional Power Generators","REGP"
"RENC","Ecotricity Limited","RENC"
"RESL","Rodgers Electrical Services Ld",""
"RGAS","Regent Gas","RGAS"
"RHOD","Utilita Energy Limited","RHOD"
"ROAM","Dummy Id for Roaming SIMS",""
"ROCK","Rocksavage Power Company Ltd","ROCK"
"ROSE","E.ON Next Energy Ltd","ROSE"
"RUGE","TXU Europe Rugeley Ltd","RUGE"
"RUTH","Total Gas & Power Limited","RUTH"
"RUTL","Regent Power Limited","RUTL"
"RWED","ENGIE Power Limited","RWED"
"SAFL","Solutions Asset Finance Ltd",""
"SALT","Senapt Assets Limited",""
"SANT","British Gas Trading Ltd","BGAS"
"SAPH","Electroroute Energy Limited","SAPH"
"SATU","Satus Energy Limited","SATU"
"SCAF","Valda Energy limited","SCAF"
"SCEL","SQE Energy Limited","SCEL"
"SCHL","Schlumberger Industries Ltd",""
"SCOP","Scope Utility Solutions Ltd",""
"SCOR","Highland Electricity Limited","SCOR"
"SCPL","South Coast Power Limited","SCPL"
"SEAB","Seabank Power Limited",""
"SECL","Spalding Energy Company Ltd",""
"SECU","Secus Ltd",""
"SEEB","EDF Energy Customers Limited","SEEB"
"SEEE","Shell Energy Europe","SEEE"
"SEEL","Sempra Energy Europe Limited","SEEL"
"SEML","Simply Electric Metering Ltd",""
"SEOA","Scottish & Southern Energy Plc",""
"SESL","Scottish Electricity Settlemen",""
"SGNS","Maple TopCo Limited","SGNS"
"SHEL","Shell Power Ltd","SHEL"
"SIEM","Siemens MCS",""
"SIMC","Simcoe Energy Limited","SIMC"
"SING","United Gas & Power Trading Ltd","SING"
"SINQ","Sinq Power Ltd","SINQ"
"SIRO","Hudson Energy Supply UK Ltd","SIRO"
"SITI","Sitigrid Ltd",""
"SKID","Radius Energy Ltd","SKID"
"SKLN","Keep Energy Limited","SKLN"
"SLOU","Slough Energy Supplies Ltd","SLOU"
"SLVR","Pozitive Energy Limited","SLVR"
"SMAE","SmartestEnergy Limited","SMAE"
"SMAL","SmartestEnergy Limited","SMAL"
"SMAP","Smart Meter Assets 1 Limited",""
"SMAR","SmartestEnergy Limited","SMAR"
"SMAT","SMAP Technologies Limited","SMAT"
"SMLU","Secure Meters (UK) Limited",""
"SMML","Foresight Metering Limited",""
"SNCL","Stanor National Contracts Ltd",""
"SNFR","Sunflower Energy Supply Ltd","SNFR"
"SOLE","Solarplicity Energy Limited","SOLE"
"SOUT","OVO Electricity LTD","OVOE"
"SPAL","Home Energy Trading Ltd","SPAL"
"SPOW","SP Distribution PLC","SPOW"
"SPRK","Ovo Electricity Limited","SPRK"
"SPSM","SP Smart Meter Assets Limited",""
"SQKY","SQE Energy Limited","SQKY"
"SSIL","Stark Software International",""
"SSSG","Actavo Network Solutions UK",""
"STAT","Statkraft Markets GMBH","STAT"
"STCL","St Clements Services",""
"STRK","Stark Infra-Electricity Ltd",""
"SUFL","STARK UTILITY FUNDING LIMITED",""
"SWAE","OVO Electricity LTD","OVOE"
"SWDP","Snowdrop Energy Supply Limited","SWDP"
"SWEB","EDF Energy Customers Limited","SWEB"
"SWEL","OVO (S) Electricity Limited","SWEL"
"SYMB","E.ON Next Energy Ltd","SYMB"
"SYSC","Syseca Ltd",""
"TANA","SANTANA ENERGY LIMITED","TANA"
"TCGP","The Challenge Group",""
"TEAM","The Team Group of Companies UK","TEAM"
"TEBL","The Electricity Board Ltd",""
"TEGP","TotalEnergies Gas & Power Ltd","TEGP"
"TELS","Thrift Energy Limited",""
"TEMP","Temple Energy Limited",""
"TESG","TESGL LIMITED","TESG"
"TESI","Teesside Power Ltd","TESI"
"TEXA","Commotex Limited","TEXA"
"TGPL","TotalEnergies Gas & Power Ltd","TGPL"
"THLE","Scottish Power Energy Retail","THLE"
"THRE","Corona Energy Retail 4 Limited","THRE"
"TILL","British Gas Trading Ltd","TILL"
"TLWD","Unify Energy Limited","TLWD"
"TMOB","T-Mobile",""
"TNDO","Pozitive Energy Limited","TNDO"
"TOGO","Together Energy Supply Limited","TOGO"
"TONB","Scottish Power Energy Retail","TONB"
"TOTO","EDF Energy Customers Limited","TOTO"
"TRAM","Jellyfish Energy Limited","TRAM"
"TREX","Power4All","TREX"
"TROJ","TMA Data Management Ltd","TROJ"
"TRUR","TruRead Limited",""
"TULP","Octopus Energy Operations2 Ltd","TULP"
"UCGO","Yu Energy Retail Limited","UCGO"
"UDMS","TMA Data Management Ltd",""
"UDNL","Energy Assets Networks Limited","UDNL"
"UEDS","Utilita Energy Limited","UEDS"
"UESL","Utility Energy Solutions Ltd",""
"UFUN","Horizon E I Limited",""
"UGAP","United Gas Power Trading Ltd","SING"
"UKDC","IMServ Europe Ltd","UKDC"
"UKEL","UK Electric Power Ltd",""
"UKEP","UK Electric Power","UKEP"
"UKMS","UK Power Networks Metering",""
"UKPD","UK Power Distribution Limited",""
"UKPR","UK Power Reserve Limited","UKPR"
"ULCL","United Living Connected Ltd",""
"UMLD","UML Ltd","UMLD"
"UMOL","Utilita Energy Limited",""
"UPLD","SMS Energy Services Ltd",""
"UPLH","SMS Energy Services Ltd",""
"UPLX","Utility Partnership Ltd",""
"UTAH","UTAH ENERGY LIMITED","UTAH"
"UTAL","Utility Assets Limited","UTAL"
"UTFL","Amey Metering Limited",""
"UTLX","Utilyx Limited",""
"UUCO","E.ON ENERGY SOLUTIONS LIMITED",""
"UUMO","E.ON ENERGY SOLUTIONS LIMITED",""
"UUNL","Meter Fit North East/West Ltd",""
"UUUU","ELEXON - PARMS",""
"UWBE","Electricity Plus Supply Ltd","BNRG"
"UWDS","Electricity Plus Supply Ltd","BNRG"
"VATT","Vattenfall Networks Ltd",""
"VAVU","Vavu Power Limited","VAVU"
"VEPN","Vital Energi Power Networks","VEPN"
"VERM","DIGITAL POWER ENERGY SUPPLY UK","VERM"
"VETS","Vattenfall Energy Trading GmbH","VETS"
"VIPR","Viper Energy Supply Ltd","VIPR"
"VIRG","Octopus Energy Operations2 Ltd","VIRG"
"VITA","EDF Energy Customers Limited","VITA"
"VLTR","Voltari Services Ltd",""
"VMMA","Vantage Meters (MAP 1) Limited",""
"VNGA","Stallion Energy Supply Ltd","VNGA"
"VNQT","UC Energy Ltd","VNQT"
"VODA","Vodafone Limited",""
"VOLT","Co-operative Energy Limited","VOLT"
"VSTR","Voltx Power","VSTR"
"WASH","EDF Energy Customers Limited","WASH"
"WBUR","TXU Europe West Burton Ltd","WBUR"
"WGAS","Western Gas Ltd","WGAS"
"WILL","Willamette Energy Limited","WILL"
"WINT","Winterton Power Ltd","WINT"
"WKEL","B.Watkins Electrical",""
"WPDR","Western Power Data Retriever",""
"WPEM","Western Power East Midlands",""
"WPRM","Stark Connect Ltd",""
"WPSM","Stark Connect Ltd",""
"WPSW","Western Power Dist South West",""
"WPWA","Western Power Dist South Wales",""
"WPWM","Western Power West Midlands",""
"WPYC","We Power Your Car Ltd",""
"WREL","Utility Link Limited","WREL"
"YBGA","SP British Gas Trading","SPOW"
"YEEL","SP Eastern Electricity","SPOW"
"YELG","Npower Limited","YELG"
"YEME","SP East Midland Electricity","SPOW"
"YHYD","SP Hydro Electric","SPOW"
"YIND","SP Independent Energy (UK) Ltd","SPOW"
"YLON","SP London Electricity","SPOW"
"YMID","SP Midlands Electricity","SPOW"
"YNAT","SP National Power","SPOW"
"YNEE","SP Northern Electric","SPOW"
"YNEL","SP Nuclear Electric","SPOW"
"YNOR","SP NORWEB","SPOW"
"YNRG","Scottish Power Energy Retail","YNRG"
"YNUC","SP Magnox Electric","SPOW"
"YPGE","SP PowerGen","SPOW"
"YSEE","SP SEEBOARD","SPOW"
"YSOU","SP Southern Electric","SPOW"
"YSPO","SP Scottish Power plc","SPOW"
"YSWA","SP South Wales Electricity","SPOW"
"YSWE","SP South Western Electricity","SPOW"
"YUSL","Yu-Smart Ltd",""
"YYEL","SP Yorkshire Electricity","SPOW"
"ZEEL","HE Eastern Electricity","HYDE"
"ZEME","HE East Midland Electricity","HYDE"
"ZHYD","HE Scottish Hydro Electric plc","HYDE"
"ZIND","HE Independent Energy (UK) Ltd","HYDE"
"ZLON","HE London Electricity","HYDE"
"ZMID","HE Midlands Electricity","HYDE"
"ZNAT","HE National Power","HYDE"
"ZNEE","HE Northern Electric","HYDE"
"ZNOR","HE NORWEB","HYDE"
"ZOGE","EDF Energy Customers Limited","ZOGE"
"ZPGE","HE PowerGen","HYDE"
"ZPYR","EDF Energy Customers Limited","ZPYR"
"ZSEE","HE SEEBOARD","HYDE"
"ZSOU","HE Southern Electric plc","HYDE"
"ZSPO","HE ScottishPower","HYDE"
"ZSWA","HE South Wales Electricity","HYDE"
"ZTAR","REA AGENT ONLY (IMServ Europe)","UKDC"
"ZYEL","HE Yorkshire Electricity","HYDE"
"ZYTH","Zythos Energy Limited","ZYTH"
"ZZAA","Dummy NHHDA for Eastern",""
"ZZAB","Dummy NHHDA for East Midlands",""
"ZZAC","Dummy NHHDA for London",""
"ZZAD","Dummy NHHDA for Manweb",""
"ZZAE","Dummy NHHDA for Midlands",""
"ZZAF","Dummy NHHDA for Northern",""
"ZZAG","Dummy NHHDA for Norweb",""
"ZZAH","Dummy NHHDA for Southern",""
"ZZAJ","Dummy NHHDA for Seeboard",""
"ZZAK","Dummy NHHDA for SWALEC",""
"ZZAL","Dummy NHHDA for SWEB",""
"ZZAM","Dummy NHHDA for Yorkshire",""
